No,Name,HP,ATK,DEF,Speed,CRIT Rate,CRIT DMG,Trace-HP,Trace-ATK,Trace-DEF,Trace-Speed,Trace-CRIT Rate,Trace-CRIT DMG,Trace-Effect RES,Trace-Effect HIT Rate,Trace-Physical DMG,Trace-Fire DMG,Trace-Ice DMG,Trace-Lightning DMG,Trace-Wind DMG,Trace-Quantum DMG,Trace-Imaginary DMG,Trace-A2,Trace-A4,Trace-A6,E1,E2,E3,E4,E5,E6
1,Acheron,1125,698,436,101,5,50,0,28,0,0,0,24,0,0,0,0,0,8,0,0,0,"Red Oni: When battle starts, immediately gains 5 point(s) of Slashed Dream and applies 5 stack(s) of Crimson Knot to a random enemy. When Slashed Dream reaches its upper limit, for every point of Slashed Dream that exceeds the limit, gains 1 stack of Quadrivalent Ascendance. Increases the maximum stackable count for Quadrivalent Ascendance to 3.","The Abyss: When there are 1 or 2 Nihility characters other than Acheron in the team, the DMG dealt by Acheron's Basic ATK, Skill, and Ultimate increases to 115% or 160% of the original DMG respectively.","Thunder Core: When the Rainblade from Acheron's Ultimate hits enemy targets with Crimson Knot, her DMG increases by 30%, stacking up to 3 time(s) and lasting for 3 turn(s). And when Stygian Resurge triggers, additionally deals DMG for 6 times. Each time deals Lightning DMG equal to 25% of Acheron's ATK to a single random enemy and is viewed as part of the Ultimate DMG.",Silenced Sky Spake Sooth: CRIT Rate increases by 18% when dealing DMG to debuffed enemies. ,"Mute Thunder in Still Tempest: The number of Nihility characters required for the Trace ""The Abyss"" to achieve its highest possible effect is reduced by 1. When this unit's turn starts, gains 1 point of Slashed Dream and inflicts 1 stack of Crimson Knot on the enemy with the most Crimson Knot stacks. ","Frost Bites in Death: Ultimate Lv. +2, up to a maximum of Lv. 15. Basic ATK Lv. +1, up to a maximum of Lv. 10. ","Shrined Fire for Mirrored Soul: When enemy targets enter combat, makes them Vulnerable to the Ultimate DMG, increasing the amount of DMG they take from the Ultimate by 8%. ","Strewn Souls on Erased Earths: Skill Lv. +2, up to a maximum of Lv. 15. Talent Lv. +2, up to a maximum of Lv. 15. ","Apocalypse, the Emancipator: Increases the All-Type RES PEN for the Ultimate DMG dealt by Acheron by 20%. The DMG dealt by Basic ATK and Skill will also be considered as Ultimate DMG and can reduce enemy toughness regardless of Weakness Types. When Weakness is broken, triggers the Lightning Weakness Break effect. "
2,Aglaea,0,0,0,0,5,50,0,0,0,0,0,0,0,0,0,0,0,0,0,0,0,,,,,,,,,
3,Argenti,1047,737,363,103,5,50,10,28,0,0,0,0,0,0,14.4,0,0,0,0,0,0,"Piety: At the start of a turn, immediately gains 1 stack(s) of Apotheosis.","Generosity: When enemy targets enter battle, immediately regenerates 2 Energy for self.",Courage: Deals 15% more DMG to enemies whose HP percentage is 50% or less.,A Lacuna in Kingdom of Aesthetics: Each stack of Apotheosis additionally increases CRIT DMG by 4%.,"Agate's Humility: If the number of enemies on the field equals to 3 or more when the Ultimate is used, ATK increases by 40% for 1 turn(s).","Thorny Road's Glory: Skill Lv. +2, up to a maximum of Lv. 15. Talent Lv. +2, up to a maximum of Lv. 15.","Trumpet's Dedication: At the start of battle, gains 2 stack(s) of Apotheosis and increases the maximum stack limit of the Talent's effect by 2.","Snow, From Somewhere in Cosmos: Ultimate Lv. +2, up to a maximum of Lv. 15. Basic ATK Lv. +1, up to a maximum of Lv. 10,","""Your"" Resplendence: When using Ultimate, ignores 30% of enemy targets' DEF."
4,Arlan,1199,599,330,102,5,50,10,28,0,0,0,0,18,0,0,0,0,0,0,0,0,"Revival: If the current HP percentage is 30% or lower when defeating an enemy, immediately restores HP equal to 20% of Max HP.",Endurance: The chance to resist DoT Debuffs increases by 50%.,"Repel: Upon entering battle, if Arlan's HP is less than or equal to 50%, he can nullify all DMG received except for DoT until after he is attacked.","To the Bitter End: When HP is lower than or equal to 50% of Max HP, increases Skill's DMG by 10%.",Breaking Free   : Using Skill or Ultimate removes 1 debuff from oneself.,"Power Through : Skill Lv. +2, up to a maximum of Lv. 15. Basic ATK Lv. +1, up to a maximum of Lv. 10.","Turn the Tables     : When struck by a killing blow after entering battle, instead of becoming knocked down, Arlan immediately restores his HP to 25% of his Max HP. This effect is automatically removed after it is triggered once or after 2 turn(s) have elapsed.","Hammer and Tongs : Ultimate Lv. +2, up to a maximum of Lv. 15. Talent Lv. +2, up to a maximum of Lv. 15.","Self-Sacrifice: When HP drops to 50% or below, Ultimate deals 20% more DMG. The DMG multiplier of DMG taken by the target enemy now applies to adjacent enemies as well."
5,Asta,1023,511,463,106,5,50,0,0,22.5,0,6.7,0,0,0,0,22.4,0,0,0,0,0,"Sparks: Asta's Basic ATK has a 80% base chance to Burn enemies for 3 turn(s), making the enemy take Fire DoT equal to 50% of Asta's Basic ATK DMG at the start of each turn.","Ignite: When Asta is on the field, all allies' Fire DMG increases by 18%.",Constellation: Asta's DEF increases by 6% for every current Charging stack she possesses.,"Star Sings Sans Verses or Vocals: When using Skill, deals DMG for 1 extra time to a random enemy.","Moon Speaks in Wax and Wane: After using her Ultimate, Asta's Charging stacks will not be reduced in the next turn.","Meteor Showers for Wish and Want: Skill Lv. +2, up to a maximum of Lv. 15. Talent Lv. +2, up to a maximum of Lv. 15.",Aurora Basks in Beauty and Bliss: Asta's Energy Regeneration Rate increases by 15% when she has 2 or more Charging stacks.,"Nebula Secludes in Cold Cosmos: Ultimate Lv. +2, up to a maximum of Lv. 15. Basic ATK Lv. +1, up to a maximum of Lv. 10.",Galaxy Dreams in Calm and Comfort: Charging stack(s) lost in each turn is reduced by 1.
6,Aventurine,1203,446,654,106,5,50,0,0,35,0,0,0,10,0,0,0,0,0,0,0,14.4,"Leverage: For every 100 of Aventurine's DEF that exceeds 1600, increases his own CRIT Rate by 2%, up to a maximum increase of 48%.","Hot Hand: When battle starts, grants all allies a Fortified Wager shield, whose Shield effect is equal to 100% of the one provided by the Skill, lasting for 3 turn(s).","Bingo!: After an ally with Fortified Wager launches a follow-up attack, Aventurine accumulates 1 Blind Bet point. This effect can trigger up to 3 time(s). And its trigger count resets at the start of Aventurine's turn. After Aventurine launches his Talent's follow-up attack, provides all allies with a Fortified Wager that can block DMG equal to 7.2% of Aventurine's DEF plus 96, and additionally grants a Fortified Wager that can block DMG equal to 7.2% of Aventurine's DEF plus 96 to the ally with the lowest Shield effect, lasting for 3 turns.","Prisoner's Dilemma: Increases CRIT DMG by 20% for allies with Fortified Wager. After using the Ultimate, provides all allies with a Fortified Wager shield, whose Shield effect is equal to 100% of the one provided by the Skill, lasting for 3 turn(s). ","Bounded Rationality: When using Basic ATK, reduces the target's All-Type RES by 12% for 3 turn(s). ","Droprate Maxing: Ultimate Lv. +2, up to a maximum of Lv. 15. Basic ATK Lv. +1, up to a maximum of Lv. 10. ","Unexpected Hanging Paradox: When triggering his Talent's follow-up attack, first increases Aventurine's DEF by 40% for 2 turn(s), and additionally increases the Hits Per Action for his talent's follow-up attack by 3. ","Ambiguity Aversion: Skill Lv. +2, up to a maximum of Lv. 15. Talent Lv. +2, up to a maximum of Lv. 15. ","Stag Hunt Game: For every ally with a Shield, the DMG dealt by Aventurine increases by 50%, up to a maximum of 150%. "
7,Bailu,1319,562,485,98,5,50,28,0,22.5,0,0,0,10,0,0,0,0,0,0,0,0,"Qihuang Analects: When Bailu heals a target ally above their normal Max HP, the target's Max HP increases by 10% for 2 turns.",Vidyadhara Ichor Lines: Invigoration can trigger 1 more time(s).,Aquatic Benediction: Characters with Invigoration receive 10% less DMG.,"Ambrosial Aqua: If the target ally's current HP is equal to their Max HP when Invigoration ends, Bailu additionally regenerates 8 Energy for this target.","Sylphic Slumber: After using her Ultimate, Bailu's Outgoing Healing increases by an additional 15% for 2 turn(s).","Omniscient Opulence: Skill Lv. +2, up to a maximum of Lv. 15. Talent Lv. +2, up to a maximum of Lv. 15.",Evil Excision: Every healing provided by Bailu's Skill makes the recipient deal 10% more DMG for 2 turn(s). This effect can stack up to 3 time(s).,"Waning Worries: Ultimate Lv. +2, up to a maximum of Lv. 15. Basic ATK Lv. +1, up to a maximum of Lv. 10.",Drooling Drop of Draconic Divinity: Bailu can heal allies who received a killing blow 1 more time(s) in a single battle.
8,Black Swan,1086,659,485,102,5,50,0,28,0,0,0,0,0,10,0,0,0,0,14.4,0,0,"Viscera's Disquiet: After using the Skill to hit a single target enemy that has Wind Shear, Bleed, Burn, or Shock, each of these debuffs respectively has a 65% base chance of inflicting 1 extra stack of Arcana.","Goblet's Dredges: There is a 65% base chance to inflict 1 stack of Arcana when a target enters battle. Every time an enemy target receives DoT during a single attack by an ally, there is a 65% base chance for the target to be inflicted with 1 stack of Arcana, stacking up to 3 time(s) during 1 single attack.","Candleflame's Portent: Increases this unit's DMG by an amount equal to 60% of Effect Hit Rate, up to a maximum DMG increase of 72%.","Seven Pillars of Wisdom: While Black Swan is active in battle, enemies afflicted with Wind Shear, Bleed, Burn, or Shock will have their corresponding Wind, Physical, Fire, or Lightning RES respectively reduced by 25%.","Weep Not For Me, My Lamb: When an enemy target afflicted with Arcana is defeated, there is a 100% base chance of inflicting 6 stack(s) of Arcana on adjacent targets.","As Above, So Below: Skill Lv. +2, up to a maximum of Lv. 15. Talent Lv. +2, up to a maximum of Lv. 15.","In Tears We Gift: While in the Epiphany state, enemy targets have their Effect RES reduced by 10%. And at the start of their turn or when they get defeated, Black Swan regenerates 8 Energy. This Energy Regeneration effect can only trigger up to 1 time while Epiphany lasts. And this trigger count resets after the enemy gets inflicted with Epiphany again.","Linnutee Flyway: Ultimate Lv. +2, up to a maximum of Lv. 15. Basic ATK Lv. +1, up to a maximum of Lv. 10.","Pantheon Merciful, Masses Pitiful: When enemy targets get attacked by Black Swan's allies, Black Swan has a 65% base chance of inflicting 1 stack of Arcana on the target. Each time Black Swan inflicts Arcana on an enemy target, there is a 50% fixed chance to additionally increase the number of Arcana stacks afflicted this time by 1."
9,Blade,1358,543,485,97,5,50,28,0,0,0,12,0,10,0,0,0,0,0,0,0,0,"Vita Infinita: When Blade's current HP is at 50% of Max HP or lower, Incoming Healing increases by 20%","Neverending Deaths: If Blade hits a Weakness Broken enemy after using Forest of Swords, he will restore HP equal to 5% of his Max HP plus 100.",Cyclone of Destruction: DMG dealt by Talent's follow-up attack increases by 20%.,"Blade Cuts the Deepest in Hell: Blade's Ultimate deals additionally increased DMG to a single enemy target, with the increased amount equal to 150% of Blade's total HP loss in the current battle. The total HP Blade has lost in the current battle is capped at 90% of his Max HP. This value will be reset and re-accumulated after his Ultimate has been used.","Ten Thousand Sorrows From One Broken Dream: When Blade is in the Hellscape state, his CRIT Rate increases by 15%.","Hardened Blade Bleeds Coldest Shade: Ultimate Lv. +2, up to a maximum of Lv. 15. Talent Lv. +2, up to a maximum of Lv. 15.","Rejected by Death, Infected With Life: When Blade's current HP drops to 50% or lower of his Max HP, increases his Max HP by 20%. Stacks up to 2 time(s).","Death By Ten Lords' Gaze: Skill Lv. +2, up to a maximum of Lv. 15. Basic ATK Lv. +1, up to a maximum of Lv. 10.",Reborn Into an Empty Husk: The maximum number of Charge stacks is reduced to 4. The DMG of the follow-up attack triggered by Blade's Talent additionally increases by 50% of his Max HP.
10,Boothill,1203,620,436,107,5,50,10,18,0,0,0,0,0,0,0,0,0,0,0,0,0,"Ghost Load: Increase this character's CRIT Rate/CRIT DMG, by an amount equal to 10%/50% of Break Effect, up to a max increase of 30%/150%.","Above Snakes: While Boothill is in the Standoff, reduces the DMG he receives from targets that are not in the Standoff by 30%.","Point Blank: When in Standoff and gaining Pocket Trickshot, regenerates 10 Energy. Can also trigger this effect when gaining Pocket Trickshot stacks that exceed the max limit","Dusty Trail's Lone Star: When the battle starts, obtains 1 stack of Pocket Trickshot. When Boothill deals DMG, ignores 16% of the enemy target's DEF ","Milestonemonger: When in Standoff and gaining Pocket Trickshot, recovers 1 Skill Point(s) and increases Break Effect by 30%, lasting for 2 turn(s). Can also trigger this effect when gaining Pocket Trickshot stacks that exceed the max limit. But cannot trigger repeatedly within one turn. ","Marble Orchard's Guard: Ultimate Lv. +2, up to a maximum of Lv. 15. Basic ATK Lv. +1, up to a maximum of Lv. 10. ","Cold Cuts Chef: When the enemy target in the Standoff is attacked by Boothill, the DMG they receive additionally increases by 12%. When Boothill is attacked by the enemy target in the Standoff, the effect of him receiving increased DMG is offset by 12%. ","Stump Speech: Skill Lv. +2, up to a maximum of Lv. 15. Talent Lv. +2, up to a maximum of Lv. 15. ","Crowbar Hotel's Raccoon: When triggering the Talent's Break DMG, additionally deals Break DMG to the target equal to 40% of the original DMG multiplier and additionally deals Break DMG to adjacent targets equal to 70% of the original DMG multiplier. "
11,Bronya,1241,582,533,99,5,50,0,0,0,0,0,24,10,0,0,0,0,0,22.4,0,0,Command: The CRIT Rate for Basic ATK increases to 100%.,"Battlefield: At the start of the battle, all allies' DEF increases by 20% for 2 turn(s).","Military Might: When Bronya is on the field, all allies deal  10% more DMG.",Hone Your Strength: Using Bronya's Skill has a 50% fixed chance of recovering 1 Skill Point. This effect has a 1 turn cooldown.,"Quick March: When using Skill, the target ally's SPD increases by 30% after taking action, lasting for 1 turn.","Bombardment: Ultimate Lv. +2, up to a maximum of Lv. 15. Talent Lv. +2, up to a maximum of Lv. 15.","Take by Surprise: After an ally uses Basic ATK on an enemy with Wind Weakness, Bronya immediately launches a follow-up attack on the target, dealing Wind DMG equal to 80% of Bronya's Basic ATK DMG. This effect can only be triggered 1 time per turn.","Unstoppable: Skill Lv. +2, up to a maximum of Lv. 15. Basic ATK Lv. +1. up to a maximum of Lv. 10.",Piercing Rainbow: The duration of the DMG Boost effect placed by the Skill on the target ally increases by 1 turn(s).
12,Clara,1319,737,485,90,5,50,10,28,0,0,0,0,0,0,14.4,0,0,0,0,0,0,"Kinship: When attacked, this character has a 35% fixed chance to remove a debuff placed on them.",Under Protection: The chance to resist Crowd Control Debuffs increases by 35%.,Revenge: Increase Svarog's Counter DMG by 30%.,A Tall Figure: Using Skill will not remove Marks of Counter on the enemy.,"A Tight Embrace: After using the Ultimate, ATK increases by 30% for 2 turn(s).","Cold Steel Armor: Skill Lv. +2, up to a maximum of Lv. 15. Basic ATK Lv. +1. up to a maximum of Lv. 10.","Familyxe2x80x99s Warmth: After Clara is hit, the DMG taken by Clara is reduced by 30%. This effect lasts until the start of her next turn.","A Small Promise: Ultimate Lv. +2, up to a maximum of Lv. 15. Talent Lv. +2, up to a maximum of Lv. 15.","Long Company: After other allies are hit, Svarog also has a 50% fixed chance to trigger a Counter on the attacker and mark them with a Mark of Counter. When using Ultimate, the number of Enhanced Counters increases by 1."
13,Dan Heng,882,546,396,110,5,50,0,18,12.5,0,0,0,0,0,0,0,0,0,22.4,0,0,"Hidden Dragon: When current HP percentage is 50% or lower, reduces the chance of being attacked by enemies. ","Faster Than Light: After launching an attack, there is a 50% fixed chance to increase own SPD by 20% for 2 turn(s).",High Gale: Basic ATK deals 40% more damage to Slowed enemies.,"The Higher You Fly, the Harder You Fall: When the target enemy's current HP percentage is greater than or equal to 50%, CRIT Rate increases by 12%.","Quell the Venom Octet, Quench the Vice O'Flame: Reduces Talent cooldown by 1 turn.","Seen and Unseen: Skill Lv. +2, up to a maximum of Lv. 15. Basic ATK Lv. +1. up to a maximum of Lv. 10.","Roaring Dragon and Soaring Sun: When Dan Heng uses his Ultimate to defeat an enemy, his next action is Advanced Forward by 100%.","A Drop of Rain Feeds a Torrent: Ultimate Lv. +2, up to a maximum of Lv. 15. Talent Lv. +2, up to a maximum of Lv. 15.",The Troubled Soul Lies in Wait: The Slow state triggered by Skill reduces the enemy's SPD by an extra 8%. 
14,Imbibitor Lunae,1241,698,363,102,5,50,10,0,0,0,12,0,0,0,0,0,0,0,0,0,22.4,"Star Veil: At the start of the battle, immediately regenerates 15 Energy.",Aqua Reign: Increases the chance to resist Crowd Control debuffs by 35%.,Jolt Anew: This character's CRIT DMG increases by 24% when dealing DMG to enemy targets with Imaginary Weakness.,"Tethered to Sky: Increases the stackable Righteous Heart count by 4, and gains 1 extra stack of Righteous Heart for each hit during an attack.","Imperium On Cloud Nine: After using his Ultimate, Dan Heng xe2x80xa2 Imbibitor Lunae's action is Advanced Forward by 100% and gains 1 extra Squama Sacrosancta.","Clothed in Clouds: Skill Lv. +2, up to a maximum of Lv. 15. Basic ATK Lv. +1, up to a maximum of Lv. 10.",Zephyr's Bliss: The buff effect granted by Outroar lasts until the end of this character's next turn.,"Fall is the Pride: Ultimate Lv. +2, up to a maximum of Lv. 15. Talent Lv. +2, up to a maximum of Lv. 15.","Reign, Returned: After any other ally uses their Ultimate, the Imaginary RES PEN of Dan Heng xe2x80xa2 Imbibitor Lunae's next Fulgurant Leap attack increases by 20%, up to 3 stacks."
15,Dr Ratio,1047,776,460,103,5,50,0,28,12.5,0,12,0,0,0,0,0,0,0,0,0,0,"Summation: When Dr. Ratio uses his Skill, for every debuff on the target, his CRIT Rate increases by 2.5% and CRIT DMG by 5%. This effect can stack up to 6 time(s).","Inference: When Skill is used to attack an enemy target, there is a 100% base chance to reduce the attacked target's Effect RES by 10% for 2 turn(s).","Deduction: When dealing DMG to a target that has 3 or more debuff(s), for each debuff the target has, the DMG dealt by Dr. Ratio to this target increases by 10%, up to a maximum increase of 50%.","Pride Comes Before a Fall: The maximum stackable count for the Trace ""Summation"" increases by 4. When a battle begins, immediately obtains 4 stacks of Summation. Needs to unlock Summation first.","The Divine Is in the Details: When his Talent's follow-up attack hits a target, for every debuff the target has, additionally deals Imaginary Additional DMG equal to 20% of Dr. Ratio's ATK. This effect can be triggered for a maximum of 4 time(s) during each follow-up attack.","Know Thyself: Ultimate Lv. +2, up to a maximum of Lv. 15. Basic ATK Lv. +1, up to a maximum of Lv. 10.","Ignorance Is Blight: When triggering the Talent, additionally regenerates 15 Energy for Dr. Ratio.","Sic Itur Ad Astra: Skill Lv. +2, up to a maximum of Lv. 15. Talent Lv. +2, up to a maximum of Lv. 15.",Vincit Omnia Veritas: Increases the trigger count for Wiseman's Folly by 1. The DMG dealt by the Talent's follow-up attack increases by 50%.
16,Feixiao,1051,601,388,112,5,50,0,28,12.5,0,12,0,0,0,0,0,0,0,0,0,0,"Heavenpath: When the battle starts, gains 3 point(s) of Flying Aureus. At the start of a turn, if no follow-up attack was launched via Talent in the previous turn, then this counts as 1 toward the number of attacks required to gain Flying Aureus.","Formshift: When using Ultimate to deal DMG to an enemy target, it is considered as a follow-up attack. Follow-up attacks' CRIT DMG increases by 36%.","Boltcatch: When using Skill, increases ATK by 48%, lasting for 3 turn(s).","Skyward I Quell: After launching ""Boltsunder Blitz"" or ""Waraxe Skyward,"" additionally increases the Ultimate DMG dealt by Feixiao by an amount equal to 10% of the original DMG, stacking up to 5 time(s) and lasting until the end of the Ultimate action. ","Moonward I Wish: In the Talent's effect, for every 1 instance of follow-up attack launched by ally targets, Feixiao gains 1 point of ""Flying Aureus."" This effect can trigger up to 6 time(s) per turn. ","Starward I Bode: Ultimate Lv. +2, up to a maximum of Lv. 15. Basic ATK Lv. +1, up to a maximum of Lv. 10. ","Stormward I Hear: The follow-up attack from Talent has its Toughness Reduction increased by 100%, and when it launches, increases this unit's SPD by 8%, lasting for 2 turn(s). ","Heavenward I Leap: Skill Lv. +2, up to a maximum of Lv. 15. Talent Lv. +2, up to a maximum of Lv. 15. ","Homeward I Near: Increases the All-Type RES PEN of Ultimate DMG dealt by Feixiao by 20%. Talent's follow-up attack DMG is considered as Ultimate DMG at the same time, and its DMG multiplier increases by 140%. "
17,Firefly,814,523,776,104,5,50,0,0,0,5,0,0,18,0,0,0,0,0,0,0,0,"Module xcexb1: Antilag Outburst: During the Complete Combustion, attacking enemies that have no Fire Weakness can also reduce their Toughness, with the effect being equivalent to 55% of the original Toughness Reduction from abilities.","Module xcexb2: Autoreactive Armor: When SAM is in Complete Combustion with a Break Effect that is equal to or greater than 200%/360%, attacking a Weakness-Broken enemy target will convert the Toughness Reduction of this attack into 1 instance of 35%/50% Super Break DMG.","Module xcexb3: Core Overload: For every 10 of SAM's ATK that exceeds 1800, increases SAM's Break Effect by 0.8%.","In Reddened Chrysalis, I Once Rest: When using the Enhanced Skill, ignores 15% of the target's DEF. And the Enhanced Skill does not consume Skill Points. ","From Shattered Sky, I Free Fall: When using the Enhanced Basic ATK or the Enhanced Skill in Complete Combustion state to defeat an enemy target or cause them to be Weakness Broken, SAM immediately gains 1 extra turn. This effect can trigger again after 1 turn(s). ","Amidst Silenced Stars, I Deep Sleep: Skill Lv. +2, up to a maximum of Lv. 15. Basic ATK Lv. +1, up to a maximum of Lv. 10. ","Upon Lighted Fyrefly, I Soon Gaze: While in Complete Combustion, increases SAM's Effect RES by 50%. ","From Undreamt Night, I Thence Shine: Ultimate Lv. +2, up to a maximum of Lv. 15. Talent Lv. +2, up to a maximum of Lv. 15. ","In Finalized Morrow, I Full Bloom: While in Complete Combustion, increases SAM's Fire RES PEN by 20%. When using the Enhanced Basic ATK or Enhanced Skill, increases the Weakness Break efficiency by 50%. "
18,Fu Xuan,1474,465,606,100,5,50,18,0,0,0,18.7,0,10,0,0,0,0,0,0,0,0,"Taiyi, the Macrocosmic: When Matrix of Prescience is active, Fu Xuan will regenerate 20 extra Energy when she uses her Skill.","Dunjia, the Metamystic: When Fu Xuan's Ultimate is used, heals all other allies by an amount equal to 5% of Fu Xuan's Max HP plus 133.","Liuren, the Sexagenary: If a target enemy applies Crowd Control debuffs to allies while the Matrix of Prescience is active, all allies will resist all Crowd Control debuffs applied by the enemy target during the current action. This effect can only be triggered once. When Matrix of Prescience is activated again, the number of times this effect can be triggered will reset.",Dominus Pacis: The Knowledge effect increases CRIT DMG by 30%.,"Optimus Felix: If any team member is struck by a killing blow while Matrix of Prescience is active, then all allies who were struck by a killing blow during this action will not be knocked down, and 70% of their Max HP is immediately restored. This effect can trigger 1 time per battle.","Apex Nexus: Skill Lv. +2, up to a maximum of Lv. 15. Talent Lv. +2, up to a maximum of Lv. 15.","Fortuna Stellaris: When other allies under Matrix of Prescience are attacked, Fu Xuan regenerates 5 Energy.","Arbiter Primus: Ultimate Lv. +2, up to a maximum of Lv. 15. Basic ATK Lv. +1, up to a maximum of Lv. 10.","Omnia Vita: Once Matrix of Prescience is activated, it will keep a tally of the total HP lost by all team members in the current battle. Fu Xuan's Ultimate DMG will increase by 200% of this tally of HP loss. This tally is also capped at 120% of Fu Xuan's Max HP and the tally value will reset and re-accumulate after Fu Xuan's Ultimate is used."
19,Gallagher,1305,529,441,98,5,50,18,0,0,0,0,0,28,0,0,0,0,0,0,0,0,"Novel Concoction: Increases this unit's Outgoing Healing by an amount equal to 50% of Break Effect, up to a maximum Outgoing Healing increase of 75%.","Organic Yeast: After using the Ultimate, immediately Advances Forward this unit's Action by 100%.","Bottoms Up: When Gallagher uses Nectar Blitz to attack Besotted enemies, the HP Restore effect of his Talent will also apply to other allies for this time.","Salty Dog: When Gallagher enters the battle, regenerates 20 Energy and increases Effect RES by 50%. ","Lion's Tail: When using the Skill, removes 1 debuff(s) from a target ally. At the same time, increases their Effect RES by 30%, lasting for 2 turn(s). ","Corpse Reviver: Skill Lv. +2, up to a maximum of Lv. 15. Basic ATK Lv. +1, up to a maximum of Lv. 10. ",Last Word: Extends the duration of the Besotted state inflicted by Gallagher's Ultimate by 1 turn(s). ,"Death in the Afternoon: Ultimate Lv. +2, up to a maximum of Lv. 15. Talent Lv. +2, up to a maximum of Lv. 15. ",Blood and Sand: Increases Gallagher's Break Effect by 20% and Weakness Break Efficiency by 20%. 
20,Gepard,1397,543,654,92,5,50,0,0,12.5,0,0,0,18,0,0,0,22.4,0,0,0,0,Integrity: Gepard has a higher chance to be attacked by enemies.,"Commander: When Unyielding Will is triggered, Gepard's Energy will be restored to 100%.",Fighting Spirit: Gepard's ATK increases by 35% of his current DEF. This effect will refresh at the start of each turn.,Due Diligence: Base chance for Gepard's Skill to Freeze enemies increases by 35%.,"Lingering Cold: After an enemy Frozen by Gepard's Skill is unfrozen, their SPD is reduced by 20% for 1 turn(s).","Never Surrender: Ultimate Lv. +2, up to a maximum of Lv. 15. Talent Lv. +2, up to a maximum of Lv. 15.","Faith Moves Mountains: When Gepard is in battle, all allies' Effect RES increases by 20%.","Cold Iron Fist: Skill Lv. +2, up to a maximum of Lv. 15. Basic ATK Lv. +1. up to a maximum of Lv. 10.","Unyielding Determination: When his Talent is triggered, Gepard's action is Advanced Forward by 100%, and he restores extra HP equal to 50% of his Max HP."
21,Guinaifen,882,582,441,106,5,50,0,0,0,0,0,0,0,10,0,22.4,0,0,0,0,0,"High Poles: Basic ATK has a 80% base chance of inflicting an enemy with a Burn, equivalent to that of Skill.","Bladed Hoop: When the battle begins, Guinaifen's action is advanced forward by 25%.",Walking on Knives: Deals 20% more DMG to Burned enemies.,"Slurping Noodles During Handstand: When Skill is used, there is a 100% base chance to reduce the attacked target enemy's Effect RES by 10% for 2 turn(s).","Brushing Teeth While Whistling: When an enemy target is Burned, Guinaifen's Basic ATK and Skill can increase the DMG multiplier of their Burn status by 40%.","Smashing Boulder on Chest: Skill Lv. +2, up to a maximum of Lv. 15. Basic ATK Lv. +1, up to a maximum of Lv. 10.","Blocking Pike with Neck: Every time the Burn status inflicted by Guinaifen causes DMG, Guinaifen regenerates 2 Energy.","Swallowing Sword to Stomach: Ultimate Lv. +2, up to a maximum of Lv. 15. Talent Lv. +2, up to a maximum of Lv. 15.",Catching Bullet with Hands: Increases the stackable Firekiss count by 1.
22,Hanya,917,564,352,110,5,50,10,28,0,9,0,0,0,0,0,0,0,0,0,0,0,Scrivener: Allies triggering Burden's Skill Point recovery effect have their ATK increased by 10% for 1 turn(s).,"Netherworld: If the trigger count for the Burden's Skill Point recovery effect is 1 or lower when an enemy with Burden is defeated, then additionally recovers 1 Skill Point(s).","Reanimated: When Burden's Skill Point recovery effect is triggered, this character regenerates 2 Energy.","One Heart: When an ally with Hanya's Ultimate's effect defeats an enemy, Hanya's action is Advanced Forward by 15%. This effect can only be triggered 1 time(s) per turn.","Two Views: After using the Skill, this character's SPD increases by 20% for 1 turn(s).","Three Temptations: Skill Lv. +2, up to a maximum of Lv. 15. Basic ATK Lv. +1, up to a maximum of Lv. 10.",Four Truths: The Ultimate's duration is additionally extended for 1 turn(s).,"Five Skandhas: Ultimate Lv. +2, up to a maximum of Lv. 15. Talent Lv. +2, up to a maximum of Lv. 15.",Six Reverences: Increase the DMG Boost effect of the Talent by an additional 10%.
23,Herta,952,582,396,100,5,50,0,0,22.5,0,6.7,0,0,0,0,0,22.4,0,0,0,0,"Efficiency: When Skill is used, the DMG Boost effect on target enemies increases by an extra 25%.",Puppet: The chance to resist Crowd Control Debuffs increases by 35%.,"Icing: When Ultimate is used, deals 20% more DMG to Frozen enemies.","Kick You When You're Down: If the enemy's HP percentage is at 50% or less, Herta's Basic ATK deals Additional Ice DMG equal to 40% of Herta's ATK.","Keep the Ball Rolling: Every time Talent is triggered, this character's CRIT Rate increases by 3%. This effect can stack up to 5 time(s).","That's the Kind of Girl I Am: Skill Lv. +2, up to a maximum of Lv. 15. Basic ATK Lv. +1, up to a maximum of Lv. 10.","Hit Where it Hurts: When Talent is triggered, DMG increases by 10%.","Cuss Big or Cuss Nothing: Ultimate Lv. +2, up to a maximum of Lv. 15. Talent Lv. +2, up to a maximum of Lv. 15.","No One Can Betray Me: After using Ultimate, this character's ATK increases by 25% for 1 turn(s)."
24,Himeko,1047,756,436,96,5,50,0,18,0,0,0,0,10,0,0,22.4,0,0,0,0,0,"Starfire: After using an attack, there is a 50% base chance to inflict Burn on enemies for 2 turn(s). When afflicted with Burn, enemies take Fire DoT equal to 30% of Himeko's ATK at the start of each turn.",Magma: Skill deals 20% more DMG to enemies currently afflicted with Burn.,"Benchmark: When current HP percentage is 80% or higher, CRIT Rate increases by 15%.","Childhood: After ""Victory Rush"" is triggered, Himeko's SPD increases by 20% for 2 turn(s).",Convergence : Deals 15% more DMG to enemies whose HP percentage is 50% or less.,"Poised: Skill Lv. +2, up to a maximum of Lv. 15. Basic ATK Lv. +1, up to a maximum of Lv. 10.","Dedication : When Himeko's Skill inflicts Weakness Break on an enemy, she gains 1 extra point(s) of Charge.","Aspiration: Ultimate Lv. +2, up to a maximum of Lv. 15. Talent Lv. +2, up to a maximum of Lv. 15.","Trailblaze : Ultimate deals DMG 2 extra times, each of which deals Fire DMG equal to 40% of the original DMG to a random enemy."
25,Hook,1340,617,352,94,5,50,18,28,0,0,0,13.3,0,0,0,0,0,0,0,0,0,Innocence: Hook restores HP equal to 5% of her Max HP whenever her Talent is triggered.,Naivete: The chance to resist Crowd Control Debuffs increases by 35%.,"Playing With Fire: When using her Ultimate, Hook has her action Advanced Forward by 20% and Hook additionally regenerates 5 Energy.",Early to Bed. Early to Rise: Enhanced Skill deals 20% increased DMG.,Happy Tummy. Happy Body: Extends the duration of Burn caused by Skill by 1 turn(s).,"Donxe2x80x99t Be Picky. Nothingxe2x80x99s Icky: Skill Lv. +2, up to a maximum of Lv. 15. Basic ATK Lv. +1. up to a maximum of Lv. 10.","It's Okay to Not Know: When Talent is triggered, there is a 100% base chance to Burn enemies adjacent to the target enemy, equivalent to that of Skill.","Let the Moles' Deeds Be Known: Ultimate Lv. +2, up to a maximum of Lv. 15. Talent Lv. +2, up to a maximum of Lv. 15.",Always Ready to Punch and Kick: Hook deals 20% more DMG to enemies inflicted with Burn.
26,Huohuo,1358,601,509,98,5,50,28,0,0,5,0,0,18,0,0,0,0,0,0,0,0,"Fearful to Act: When battle starts, Huohuo gains Divine Provision, lasting for 1 turn(s).",The Cursed One: The chance to resist Crowd Control Debuffs increases by 35%.,"Stress Reaction to Horror: When her Talent is triggered to heal allies, Huohuo regenerates 1 Energy.","Anchored to Vessel, Specters Nestled: The duration of Divine Provision produced by the Talent is extended by 1 turn(s). When Huohuo possesses Divine Provision, all allies' SPD increases by 12%.","Sealed in Tail, Wraith Subdued: If Huohuo possesses Divine Provision when an ally is struck by a killing blow, the ally will not be knocked down, and their HP will immediately be restored by an amount equal to 50% of their Max HP. This reduces the duration of Divine Provision by 1 turn. This effect can only be triggered 2 time(s) per battle.","Cursed by Fate, Moths to Flame: Ultimate Lv. +2, up to a maximum of Lv. 15. Talent Lv. +2, up to a maximum of Lv. 15.","Tied in Life, Bound to Strife: When healing a target ally via Skill or Talent, the less HP the target ally currently has, the higher the amount of healing they will receive. The maximum increase in healing provided by Huohuo is 80%.","Mandated by Edict, Evils Evicted: Skill Lv. +2, up to a maximum of Lv. 15. Basic ATK Lv. +1, up to a maximum of Lv. 10.","Woven Together, Cohere Forever: When healing a target ally, increases the target ally's DMG dealt by 50% for 2 turn(s)."
27,Jade,1086,659,509,103,5,50,0,18,0,0,0,0,10,0,0,0,0,0,0,22.4,0,"Reverse Repo: When enemy targets enter combat, Jade gains 1 stack(s) of Pawned Asset. When a Debt Collector ally's turn starts, Jade additionally gains 3 stack(s) of Pawned Asset.","Collateral Ticket: When the battle starts, Jade's action is advanced forward by 50%.",Asset Forfeiture: Each stack of the Talent's Pawned Asset additionally increases Jade's ATK by 0.5%. ,"Altruism? Nevertheless Tradable: The follow-up attack DMG from Jade's Talent increases by 32%. After the character with Debt Collector state uses an attack and hits 2/1 enemy targets, Jade additionally gains 1/2 point(s) of Charge. ","Morality? Herein Authenticated: When there are 15 stacks of Pawned Asset, Jade's CRIT Rate increases by 18%. ","Honesty? Soon Mortgaged: Skill Lv. +2, up to a maximum of Lv. 15. Talent Lv. +2, up to a maximum of Lv. 15. ","Sincerity? Put Option Only: When using Ultimate, the DMG Jade deals ignores 12% of enemy targets' DEF, lasting for 3 turn(s). ","Hope? Hitherto Forfeited: Ultimate Lv. +2, up to a maximum of Lv. 15. Basic ATK Lv. +1, up to a maximum of Lv. 10. ","Equity? Pending Sponsorship: When there are Debt Collector allies on the field, Jade's Quantum RES PEN increases by 20%, and Jade gains the Debt Collector state. "
28,Jiaoqiu,1358,601,509,98,5,50,0,0,0,5,0,0,0,28,0,14.4,0,0,0,0,0,"Pyre Cleanse: When battle starts, immediately regenerates 15 Energy.","Hearth Kindle: For every 15% of Jiaoqiu's Effect Hit Rate that exceeds 80%, additionally increases ATK by 60%, up to 240%.","Seared Scent: While the Zone exists, enemies entering combat will be inflicted with Ashen Roast. The number of stacks applied will match the highest number of Ashen Roast stacks possessed by any unit while the Zone is active, with a minimum of 1 stack(s).","Pentapathic Transference: Allies deal 40% increased DMG to enemy targets afflicted with Ashen Roast. Whenever inflicting Ashen Roast on an enemy target via triggering the Talent's effect, additionally increases the number of Ashen Roast applied this time by 1. ","From Savor Comes Suffer: When an enemy target is afflicted with Ashen Roast, increases the multiplier for the Fire DoT dealt by Ashen Roast to the target by 300%. ","Flavored Euphony Reigns Supreme: Skill Lv. +2, up to a maximum of Lv. 15. Basic ATK Lv. +1, up to a maximum of Lv. 10. ","Leisure In, Luster Out: When the Zone exists, reduces enemy target's ATK by 15%. ","Duel in Dawn, Dash in Dusk: Ultimate Lv. +2, up to a maximum of Lv. 15. Talent Lv. +2, up to a maximum of Lv. 15. ","Nonamorphic Pyrobind: When an enemy target gets defeated, their accumulated ""Ashen Roast"" stacks will transfer to the enemy with the lowest number of ""Ashen Roast"" stacks on the battlefield. The maximum stack limit of Ashen Roast increases to 9, and each ""Ashen Roast"" stack reduces the target's All-Type RES by 3%. "
29,Jing Yuan,1164,698,485,99,5,50,0,28,12.5,0,12,0,0,0,0,0,0,0,0,0,0,"Battalia Crush: If the Lightning-Lord's Hits Per Action is greater or equal to 6 in the next turn, its CRIT DMG increases by 25% for the next turn.","Savant Providence: At the start of the battle, immediately regenerates 15 Energy.","War Marshal: After using Skill, CRIT Rate increases by 10% for 2 turn(s).","Slash, Seas Split: When Lightning-Lord attacks, the DMG multiplier on enemies adjacent to the target enemy increases by an extra amount equal to 25% of the DMG multiplier against the target enemy.","Swing, Skies Squashed: After Lightning-Lord takes action, DMG caused by Jing Yuan's Basic ATK, Skill, and Ultimate increases by 20% for 2 turn(s).","Strike, Suns Subdued: Ultimate Lv. +2, up to a maximum of Lv. 15. Basic ATK Lv. +1, up to a maximum of Lv. 10.","Spin, Stars Sieged: For each hit performed by the Lightning-Lord when it takes action, Jing Yuan regenerates 2 Energy.","Stride, Spoils Seized: Skill Lv. +2, up to a maximum of Lv. 15. Talent Lv. +2, up to a maximum of Lv. 15.","Sweep, Souls Slain: Each hit performed by the Lightning-Lord when it takes action will make the target enemy Vulnerable. While Vulnerable, enemies receive 12% more DMG until the end of the Lightning-Lord's current turn, stacking up to 3 time(s)."
30,Jingliu,1435,679,485,96,5,50,10,0,0,9,0,37.3,0,0,0,0,0,0,0,0,0,"Deathrealm: While in the Spectral Transmigration state, increases Effect RES by 35%","Sword Champion: After using Transcendent Flash, the next action will be Advanced Forward by 10%.","Frost Wraith: While in the Spectral Transmigration state, increases Ultimate DMG by 20%.","Moon Crashes Tianguan Gate: When using her Ultimate or Enhanced Skill, Jingliu's CRIT DMG increases by 24% for 1 turn(s). If only one enemy target is attacked, the target will additionally be dealt Ice DMG equal to 100% of Jingliu's ATK.","Crescent Shadows Qixing Dipper: After using Ultimate, increases the DMG of the next Enhanced Skill by 80%.","Halfmoon Gapes Mercurial Haze: Ultimate Lv. +2, up to a maximum of Lv. 15. Talent Lv. +2, up to a maximum of Lv. 15.","Lunarlance Shines Skyward Dome: During the Spectral Transmigration state, the ATK gained from consuming allies' HP is additionally increased by 90% of the total HP consumed from the entire team. The cap for ATK gained this way also increases by 30%.","Night Shades Astral Radiance: Skill Lv. +2, up to a maximum of Lv. 15. Basic ATK Lv. +1, up to a maximum of Lv. 10","Eclipse Hollows Corporeal Husk: When Jingliu enters the Spectral Transmigration state, the Syzygy stack limit increases by 1, and Jingliu obtains 1 stack(s) of Syzygy. While she is in the Spectral Transmigration state, her CRIT DMG increases by 50%."
31,Kafka,1086,679,485,100,5,50,10,28,0,0,0,0,0,18,0,0,0,0,0,0,0,"Torture: When the Ultimate is used, enemy targets will now receive DMG immediately from all currently applied DoT sources instead of just receiving DMG immediately from the currently applied Shock state.","Plunder: If an enemy is defeated while Shocked, Kafka additionally regenerates 5 Energy.","Thorns: The base chance for Ultimate, Technique, or the follow-up attack triggered by the Talent to inflict Shock increases by 30%.","Da Capo: When the Talent triggers a follow-up attack, there is a 100% base chance to increase the DoT received by the target by 30% for 2 turn(s).","Fortississimo: While Kafka is on the field, DoT dealt by all allies increases by 25%.","Capriccio: Skill Lv. +2, up to a maximum of Lv. 15. Basic ATK Lv. +1, up to a maximum of Lv. 10.","Recitativo: When an enemy target takes DMG from the Shock status inflicted by Kafka, Kafka additionally regenerates 2 Energy.","Doloroso : Ultimate Lv. +2, up to a maximum of Lv. 15. Talent Lv. +2, up to a maximum of Lv. 15.","Leggiero: The DMG multiplier for Shock DMG dealt by Ultimate, Technique, or the follow-up attack triggered by Talent increases by 156%, and extends the duration of Shock on the enemy target by 1 turn(s)."
32,Lingsha,1358,679,436,98,5,50,18,10,0,0,0,0,0,0,0,0,0,0,0,0,0,"Vermilion Waft: Increases this unit's ATK or Outgoing Healing by an amount equal to 25%/10% of Break Effect, up to a maximum increase of 50%/20% respectively.","Sylvan Smoke: When using Basic ATK, additionally regenerates 10  Energy.","Ember's Echo: When Fuyuan is on the field and any ally character takes DMG or consumes HP, if a character in the team has their current HP percentage lower than or equal to 60%, Fuyuan will immediately launch the Talent's follow-up attack. This does not consume Fuyuan's action count. This effect can trigger again after 2 turn(s).","Bloom on Vileward Bouquet: Lingsha's Weakness Break Efficiency increases by 50%. When an enemy unit's Weakness is Broken, reduces their DEF by 20%. ","Leisure in Carmine Smokeveil: When using Ultimate, increases all allies' Break Effect by 40%, lasting for 3 turn(s). ","Shine of Floral Wick: Ultimate Lv. +2, up to a maximum of Lv. 15. Talent Lv. +2, up to a maximum of Lv. 15. ","Redolence from Canopied Banquet: When Fuyuan takes action, restores HP equal to 40% of Lingsha's ATK for the ally whose current HP is the lowest. ","Poise Atop Twists and Turns: Skill Lv. +2, up to a maximum of Lv. 15. Basic ATK Lv. +1, up to a maximum of Lv. 10. ","Arcadia Under Deep Seclusion: While Fuyuan is on the field, reduces all enemies' All-Type RES by 20%. When Fuyuan attacks, additionally deals 4 instance(s) of DMG, with each instance dealing both Fire DMG equal to 50% of Lingsha's ATK and a Toughness Reduction of 5 to a single random enemy. This prioritizes targets with both Toughness greater than 0 and Fire Weakness. "
33,Luka,917,582,485,103,5,50,0,28,12.5,0,0,0,0,18,0,0,0,0,0,0,0,"Kinetic Overload: When the Skill is used, immediately dispels 1 buff from the enemy target.","Cycle Braking: For every stack of Fighting Will obtained, additionally regenerates 3 Energy.","Crush Fighting Will: When using Enhanced Basic ATK, every hit Direct Punch deals has a 50% fixed chance for Luka to use 1 additional hit. This effect does not apply to additional hits generated in this way.","Fighting Endlessly: When Luka takes action, if the target enemy is Bleeding, increases DMG dealt by Luka by 15% for 2 turn(s).","The Enemy is Weak, I am Strong: If the Skill hits an enemy target with Physical Weakness, gain 1 stack(s) of Fighting Will.","Born for the Ring: Skill Lv. +2, up to a maximum of Lv. 15. Talent Lv. +2, up to a maximum of Lv. 15.","Never Turning Back: For every stack of Fighting Will obtained, increases ATK by 5%, stacking up to 4 time(s).","The Spirit of Wildfire: Ultimate Lv. +2, up to a maximum of Lv. 15. Basic ATK Lv. +1, up to a maximum of Lv. 10.","A Champion's Applause: After the Enhanced Basic ATK's ""Rising Uppercut"" hits a Bleeding enemy target, the Bleed status will immediately deal DMG 1 time equal to 8% of the original DMG for every hit of Direct Punch already unleashed during the current Enhanced Basic ATK."
34,Luocha,1280,756,363,101,5,50,18,28,12.5,0,0,0,0,0,0,0,0,0,0,0,0,"Cleansing Revival: When the Skill's effect is triggered, removes 1 debuff(s) from a target ally.","Sanctified: When any enemy in the Field is attacked by an ally, all allies (except the attacker) restore HP equal to 7% of Luocha's ATK plus 93.",Through the Valley: The chance to resist Crowd Control debuffs increases by 70%.,"Ablution of the Quick: While the Field is active, ATK of all allies increases by 20%.","Bestowal From the Pure: When his Skill is triggered, if the target ally's HP is lower than 50%, Luocha's Outgoing Healing increases by 30%. If the target ally's HP is at 50% or higher, the ally receives a Shield that can absorb DMG equal to 18% of Luocha's ATK plus 240, lasting for 2 turns.","Surveyal by the Fool: Skill Lv. +2, up to a maximum of Lv. 15. Basic ATK Lv. +1, up to a maximum of Lv. 10.","Heavy Lies the Crown: When Luocha's Field is active, enemies become Weakened and deal 12% less DMG.","Cicatrix 'Neath the Pain: Ultimate Lv. +2, up to a maximum of Lv. 15. Talent Lv. +2, up to a maximum of Lv. 15.","Reunion With the Dust: When Ultimate is used, there is a 100% fixed chance to reduce all enemies' All-Type RES by 20% for 2 turn(s)."
35,Lynx,1058,493,551,100,5,50,28,0,22.5,0,0,0,10,0,0,0,0,0,0,0,0,"Advance Surveying: After a target with Survival Response is hit, Lynx regenerates 2 Energy immediately.",Exploration Techniques: Increases the chance to resist Crowd Control debuffs by 35%.,Survival in the Extreme: Extends the duration of the continuous healing effect granted by Talent for 1 turn(s).,"Morning of Snow Hike: When healing allies with HP equal to or lower than 50%, Lynx's Outgoing Healing increases by 20%. This effect also works on continuous healing.",Noon of Portable Furnace: A target with ""Survival Response"" can resist debuff application for 1 time(s).,"Afternoon of Avalanche Beacon: Skill Lv. +2, up to a maximum of Lv. 15. Basic ATK Lv. +1, up to a maximum of Lv. 10.","Dusk of Warm Campfire: When ""Survival Response"" is gained, increases the target's ATK by an amount equal to 3% of Lynx's Max HP for 1 turn(s).","Night of Aurora Tea: Ultimate Lv. +2, up to a maximum of Lv. 15. Talent Lv. +2, up to a maximum of Lv. 15.",Dawn of Explorers' Chart: Additionally boosts the Max HP increasing effect of ""Survival Response"" by an amount equal to 6% of Lynx's Max HP and increases Effect RES by 30%.
36,March 7Th,1058,511,573,101,5,50,0,0,22.5,0,0,0,10,0,0,0,22.4,0,0,0,0,Purify: Skill removes 1 debuff from an ally.,Reinforce: The duration of the Shield generated from her Skill is extended for 1 turn(s).,Ice Spell: Increases Ultimate's base chance to Freeze enemies by 15%.,"Memory of You: Every time March 7th's Ultimate Freezes a target, she regenerates 6 Energy.","Memory of It : Upon entering battle, grants a Shield equal to 24% of March 7th's DEF plus 320 to the ally with the lowest HP percentage, lasting for 3 turn(s).","Memory of Everything: Ultimate Lv. +2, up to a maximum of Lv. 15. Basic ATK Lv. +1, up to a maximum of Lv. 10.",Never Forfeit Again: The Talent's Counter effect can be triggered 1 more time in each turn. The DMG dealt by Counter increases by an amount that is equal to 30% of March 7th's DEF.,"Never Forget Again: Skill Lv. +2, up to a maximum of Lv. 15. Talent Lv. +2, up to a maximum of Lv. 15.","Just Like This, Always...: Allies under the protection of the Shield granted by the Skill restores HP equal to 4% of their Max HP plus 106 at the beginning of each turn."
37,March 7Th Swordmaster,1058,564,441,102,5,50,0,28,10,0,0,24,0,0,0,0,0,0,0,0,0,"Swan Soar: When the battle starts, March 7th's action is Advanced Forward by 25%. ","Filigree: March 7th can reduce the Toughness of enemies whose Weakness Type is the same as Shifu's Combat Type. When Breaking Weakness, triggers the Imaginary Weakness Break effect.","Tide Tamer: After using Enhanced Basic ATK, increases Shifu's CRIT DMG by 60% and Break Effect by 36%, lasting for 2 turn(s).","My Sword Stirs Starlight: When Shifu is on the field, increases March 7th's SPD by 10%. ","Blade Dances on Waves' Fight: After Shifu uses Basic ATK or Skill to attack an enemy target, March 7th immediately launches a follow-up attack and deals Imaginary DMG equal to 60% of March 7th's ATK to the primary target of this attack. Additionally, triggers the corresponding effect based on Shifu's Path and then gains 1 point(s) of Charge. If there is no primary target available to attack, then attacks a single random enemy instead. This effect can only trigger once per turn.","Sharp Wit in Martial Might: Skill Lv. +2, up to a maximum of Lv. 15. Basic ATK Lv. +1, up to a maximum of Lv. 10. ","Being Fabulous Never Frights: At the start of the turn, regenerates 5 Energy. ","Sword Delights, Sugar Blights: Ultimate Lv. +2, up to a maximum of Lv. 15. Talent Lv. +2, up to a maximum of Lv. 15. ","Me, the Best Girl in Sight: After using Ultimate, increases the CRIT DMG dealt by the next Enhanced Basic ATK by 50%. "
38,Misha,1270,599,396,96,5,50,0,0,22.5,0,6.7,0,0,0,0,0,22.4,0,0,0,0,"Release: Before the Ultimate's first hit lands, increases the base chance of Freezing the target by 80%.","Interlock: When using the Ultimate, increases the Effect Hit Rate by 60%, lasting until the end of the Ultimate's current action.","Transmission: When dealing DMG to Frozen enemies, increases CRIT DMG by 30%.","Whimsicality of Fancy: When using the Ultimate, for every enemy on the field, additionally increases the Hits Per Action for the Ultimate by 1 hit(s), up to a maximum increase of 5 hit(s).","Yearning of Youth: Before each hit of the Ultimate lands, there is a 24% base chance of reducing the target's DEF by 16% for 3 turn(s).","Vestige of Happiness: Ultimate Lv. +2, up to a maximum of Lv. 15. Basic ATK Lv. +1, up to a maximum of Lv. 10.",Visage of Kinship: Increases the DMG multiplier for each hit of the Ultimate by 6%.,"Genesis of First Love: Skill Lv. +2, up to a maximum of Lv. 15. Talent Lv. +2, up to a maximum of Lv. 15.","Estrangement of Dream: When using the Ultimate, increases own DMG by 30%, lasting until the end of the turn. In addition, the next time the Skill is used, recovers 1 Skill Point(s) for the team."
39,Moze,808,599,352,111,5,50,10,18,0,0,0,37.3,0,0,0,0,0,0,0,0,0,"Nightfeather: After using the Talent's follow-up attack, recovers 1 Skill Point(s). This effect can trigger again after 1 turn(s).","Daggerhold: When Moze dispels his Departed state, his action advances by 20%. At the start of each wave, Moze's action advances by 30%.","Vengewise: When dealing DMG by using Ultimate, it is considered as having launched a follow-up attack. The follow-up attack DMG taken by Prey increases by 25%.","Oathkeeper: After entering battle, Moze regenerates 20 Energy. Each time the Additional DMG from his Talent is triggered, Moze regenerates 2 Energy. ","Wrathbearer: When all allies deal DMG to the enemy target marked as ""Prey,"" increases CRIT DMG by 40%. ","Deathchaser: Ultimate Lv. +2, up to a maximum of Lv. 15. Talent Lv. +2, up to a maximum of Lv. 15. ","Heathprowler: When using Ultimate, increases the DMG dealt by Moze by 30%, lasting for 2 turn(s). ","Truthbender: Skill Lv. +2, up to a maximum of Lv. 15. Basic ATK Lv. +1, up to a maximum of Lv. 10. ",Faithbinder: Increases the DMG multiplier of the Talent's follow-up attack by 25%. 
40,Natasha,1164,476,507,98,5,50,28,0,12.5,0,0,0,18,0,0,0,0,0,0,0,0,Soothe: The Skill removes 1 debuff(s) from a target ally.,Healer: Natasha's Outgoing Healing increases by 10%.,Recuperation: Increases the duration of her Skill's continuous healing effect for 1 turn(s).,"Pharmacology Expertise: After being attacked, if the current HP percentage is 30% or lower, heals self for 1 time to restore HP by an amount equal to 15% of Max HP plus 400. This effect can only be triggered 1 time per battle.","Clinical Research : When Natasha uses her Ultimate, grant continuous healing for 1 turn(s) to allies whose HP is at 30% or lower. And at the beginning of their turn, their HP is restored by an amount equal to 6% of Natasha's Max HP plus 160.","The Right Cure: Skill Lv. +2, up to a maximum of Lv. 15. Basic ATK Lv. +1. up to a maximum of Lv. 10.","Miracle Cure: After being attacked, regenerates 5 extra Energy.","Preventive Treatment: Ultimate Lv. +2, up to a maximum of Lv. 15. Talent Lv. +2, up to a maximum of Lv. 15.",Doctorxe2x80x99s Grace: Natasha's Basic ATK deals Additional Physical DMG equal to 40% of her Max HP.
41,Pela,987,546,463,105,5,50,0,18,0,0,0,0,0,10,0,0,22.4,0,0,0,0,Bash: Deals 20% more DMG to debuffed enemies.,"The Secret Strategy: When Pela is on the battlefield, all allies' Effect Hit Rate increases by 10%.",Wipe Out: Using Skill to remove buff(s) increases the DMG of Pela's next attack by 20%.,"Victory Report: When an enemy is defeated, Pela regenerates 5 Energy.",Adamant Charge: Using Skill to remove buff(s) increases SPD by 10% for 2 turn(s).,"Suppressive Force: Skill Lv. +2, up to a maximum of Lv. 15. Basic ATK Lv. +1. up to a maximum of Lv. 10.","Full Analysis : When using Skill, there is a 100% base chance to reduce the target enemy's Ice RES by 12% for 2 turn(s).","Absolute Jeopardy: Ultimate Lv. +2, up to a maximum of Lv. 15. Talent Lv. +2, up to a maximum of Lv. 15.","Feeble Pursuit: When Pela attacks a debuffed enemy, she deals Additional Ice DMG equal to 40% of Pela's ATK to the enemy."
42,Qingque,1023,652,441,98,5,50,0,28,12.5,0,0,0,0,0,0,0,0,0,0,14.4,0,Tile Battle: Restores 1 Skill Point when using the Skill. This effect can only be triggered 1 time per battle.,Bide Time: Using the Skill increases DMG Boost effect of attacks by an extra 10%.,Winning Hand: Qingque's SPD increases by 10% for 1 turn after using the Enhanced Basic ATK.,Rise Through the Tiles: Ultimate deals 10% more DMG.,"Sleep on the Tiles: Every time Draw Tile is triggered, Qingque immediately regenerates 1 Energy.","Read Between the Tiles: Ultimate Lv. +2, up to a maximum of Lv. 15. Talent Lv. +2, up to a maximum of Lv. 15.","Right on the Tiles: After this character's Skill is used, there is a 24% fixed chance to gain Autarky, which lasts until the end of the current turn. With Autarky, using Basic ATK or Enhanced Basic ATK immediately launches 1 follow-up attack on the same target, dealing Quantum DMG equal to 100% of the previous Basic ATK (or Enhanced Basic ATK)'s DMG.","Gambit for the Tiles: Skill Lv. +2, up to a maximum of Lv. 15. Basic ATK Lv. +1, up to a maximum of Lv. 10.",Prevail Beyond the Tiles: Recovers 1 Skill Point after using Enhanced Basic ATK.
43,Rappa,1087,717,460,96,5,50,0,28,0,9,0,0,0,0,0,0,0,0,0,0,0,"Ninjutsu Inscription: Sky High: When the Weakness of an elite-level or higher enemy is broken, Rappa additionally gains 1 point(s) of Charge and regenerates 10 Energy.","Ninjutsu Inscription: Sea Echo: While in the Sealform state, after Rappa uses Enhanced Basic ATK to deal DMG to a Weakness Broken enemy target, converts the Toughness Reduction from this instance of DMG to 1 instance of 60% Super Break DMG.","Ninjutsu Inscription: Withered Leaf: When an enemy target becomes Weakness Broken, increases the Break DMG taken by 2%. If Rappa's current ATK is higher than 2400, for every 100 excess ATK, additionally increases this value by 1%, up to a max additional increase of 8%. This effect lasts for 2 turn(s).","Returned Is the Revenant With No Ferry Toll: During the ""Sealform"" state entered by using Ultimate, DMG dealt by Rappa ignores 15% of the targets' DEF. After exiting the ""Sealform"" state, regenerates 20 Energy. ",Free Is the Mind Enlightened by Haikus: The Enhanced Basic ATK's first 2 hits have their Toughness Reduction against the one designated enemy increased by 50%. ,"Many Are the Shrines That Repel No Hell: Skill Lv. +2, up to a maximum of Lv. 15. Talent Lv. +2, up to a maximum of Lv. 15. ","Lost Is the Nindxc5x8d Devoured by Time: While in the ""Sealform"" state, increases all allies' SPD by 12%. ","Steady Is The Ranger With Unerring Arrows: Ultimate Lv. +2, up to a maximum of Lv. 15. Basic ATK Lv. +1, up to a maximum of Lv. 10. ","Righteous Is the Wrath That Spares No Evil: When battle starts, Rappa gains 5 point(s) of her Talent's Charge, whose upper limit is 5 point(s). After launching the third hit of ""Ningu: Demonbane Petalblade,"" gains 5 point(s) of Charge. "
44,Robin,1280,640,485,102,5,50,18,28,0,5,0,0,0,0,0,0,0,0,0,0,0,"Coloratura Cadenza: When the battle begins, this character's action is Advanced Forward by 25%.","Impromptu Flourish: While the Concerto state is active, the CRIT DMG dealt when all allies launch follow-up attacks increases by 25%.","Sequential Passage: When using Skill, additionally regenerates 5 Energy.","Land of Smiles: While the Concerto state is active, all allies' All-Type RES PEN increases by 24%.","Afternoon Tea For Two: While the Concerto state is active, all allies' SPD increases by 16%. The Talent's Energyxc2xa0Regeneration effect additionally increases by 1.","Inverted Tuning: Skill Lv. +2, up to a maximum of Lv. 15. Ultimate Lv. +2, up to a maximum of Lv. 15. ","Raindrop Key: When using the Ultimate, dispels Crowd Control debuffs from all allies. While Robin is in the Concerto state, increases the Effect RES of all allies by 50%.","Lonestar's Lament: Basic ATK Lv. +1, up to a maximum of Lv. 10. Talent Lv. +2, up to a maximum of Lv. 15. ","Moonless Midnight: While the Concerto state is active, the CRIT DMG ofxc2xa0the Additional Physical DMG caused by the Ultimate increases by 450%. The effect of Moonlessxc2xa0Midnight can trigger up to 8 time(s). And the trigger count resets each time the Ultimate is used."
45,Ruan Mei,1086,659,485,104,5,50,0,0,22.5,5,0,0,0,0,0,0,0,0,0,0,0,Inert Respiration: Increases Break Effect by 20% for all allies.,"Days Wane, Thoughts Wax: Ruan Mei regenerates 5 Energy at the start of her turn.","Candle Lights on Still Waters: In battle, for every 10% of Ruan Mei's Break Effect that exceeds 120%, her Skill additionally increases allies' DMG by 6%, up to a maximum of 36%.","Neuronic Embroidery: While the Ultimate's field is deployed, the DMG dealt by all allies ignores 20% of the target's DEF.","Reedside Promenade: With Ruan Mei on the field, all allies increase their ATK by 40% when dealing DMG to enemies with Weakness Break.","Viridescent Pirouette: Ultimate Lv. +2, up to a maximum of Lv. 15. Talent Lv. +2, up to a maximum of Lv. 15.","Chatoyant xc3x89clat: When an enemy target's Weakness is Broken, Ruan Mei's Break Effect increases by 100% for 3 turn(s).","Languid Barrette: Skill Lv. +2, up to a maximum of Lv. 15. Basic ATK Lv. +1, up to a maximum of Lv. 10.",Sash Cascade: Extends the duration of the Ultimate's field by 1 turn(s). The Talent's Break DMG multiplier additionally increases by 200%.
46,Sampo,1023,617,396,102,5,50,0,28,0,0,0,0,10,18,0,0,0,0,0,0,0,Trap: Extends the duration of Wind Shear caused by Talent by 1 turn.,Defensive Position: Using Ultimate additionally regenerates 10 Energy.,Spice Up: Enemies with Wind Shear effect deal 15% less damage to Sampo.,"Rising Love: When using Skill, deals DMG for 1 extra time(s) to a random enemy.","Infectious Enthusiasm: When an enemy with Wind Shear is defeated, there is a 100% base chance to inflict 1 stack(s) of Wind Shear, equivalent to the Talent's Wind Shear.","Big Money!: Skill Lv. +2, up to a maximum of Lv. 15. Basic ATK Lv. +1. up to a maximum of Lv. 10.","The Deeper the Love, the Stronger the Hate: When Skill hits an enemy with 5 or more stack(s) of Wind Shear, the enemy immediately takes 8% of current Wind Shear DMG.","Huuuuge Money!: Ultimate Lv. +2, up to a maximum of Lv. 15. Talent Lv. +2, up to a maximum of Lv. 15.",Increased Spending: Talent's Wind Shear DMG multiplier increases by 15%.
47,Seele,931,640,363,115,5,50,0,28,12.5,0,0,24,0,0,0,0,0,0,0,0,0,"Nightshade: When current HP percentage is 50% or lower, reduces the chance of being attacked by enemies.","Lacerate: While Seele is in the buffed state, her Quantum RES PEN increases by 20%.","Rippling Waves: After using a Basic ATK, Seele's next action will be Advanced Forward by 20%.","Extirpating Slash: When dealing DMG to an enemy whose HP percentage is 80% or lower, CRIT Rate increases by 15%.",Dancing Butterfly: The SPD Boost effect of Seele's Skill can stack up to 2 time(s).,"Dazzling Tumult: Skill Lv. +2, up to a maximum of Lv. 15. Talent Lv. +2, up to a maximum of Lv. 15.",Flitting Phantasm: Seele regenerates 15 Energy when she defeats an enemy.,"Piercing Shards: Ultimate Lv. +2, up to a maximum of Lv. 15. Basic ATK Lv. +1, up to a maximum of Lv. 10.","Shattering Shambles: After Seele uses her Ultimate, inflict the target enemy with Butterfly Flurry for 1 turn(s). Enemies suffering from Butterfly Flurry will take Additional Quantum DMG equal to 15% of Seele's Ultimate DMG every time they are attacked. If the target enemy is defeated by the Butterfly Flurry DMG triggered by other allies' attacks, Seele's Talent will not be triggered. When Seele is knocked down, the Butterfly Flurry inflicted on the enemies will be removed."
48,Serval,917,652,374,104,5,50,0,0,0,0,18.7,0,10,18,0,0,0,0,0,0,0,Rock 'n' Roll: Skill has a 20% increased base chance to Shock enemies.,"String Vibration: At the start of the battle, immediately regenerates 15 Energy.","Mania: Upon defeating an enemy, ATK increases by 20% for 2 turn(s).",Echo Chamber: Basic ATK deals Lightning DMG equal to 60% of the Basic ATK's DMG to a random enemy adjacent to the target of the Basic ATK.,"Encore! : Every time Serval's Talent is triggered to deal Additional DMG, she regenerates 4 Energy.","Listen, the Heartbeat of the Gears: Skill Lv. +2, up to a maximum of Lv. 15. Basic ATK Lv. +1. up to a maximum of Lv. 10.",Make Some Noise!: Ultimate has a 100% base chance to apply Shock to any enemies not currently Shocked. This Shock has the same effects as the one applied by Skill.,"Belobogxe2x80x99s Loudest Roar!: Ultimate Lv. +2, up to a maximum of Lv. 15. Talent Lv. +2, up to a maximum of Lv. 15.",This Song Rocks to Heaven!: Serval deals 30% more DMG to Shocked enemies.
49,Silver Wolf,1047,640,460,107,5,50,0,28,0,0,0,0,0,18,0,0,0,0,0,8,0,"Generate: Bug's duration is extended for 1 turn(s). Every time an enemy is inflicted with Weakness Break, Silver Wolf has a 65% base chance of implanting a random Bug in the enemy.",Inject: The duration of the Weakness implanted by Silver Wolf's Skill increases by 1 turn(s).,"Side Note: If there are 3 or more debuff(s) affecting the enemy when the Skill is used, then the Skill decreases the enemy's All-Type RES by an additional 3%.","Social Engineering: After using her Ultimate to attack enemies, Silver Wolf regenerates 7 Energy for every debuff that the target enemy currently has. This effect can be triggered up to 5 time(s) in each use of her Ultimate.","Zombie Network : When an enemy enters battle, reduces their Effect RES by 20%.","Payload: Skill Lv. +2, up to a maximum of Lv. 15. Talent Lv. +2, up to a maximum of Lv. 15.","Bounce Attack   : After using her Ultimate to attack enemies, deals Additional Quantum DMG equal to 20% of Silver Wolf's ATK for every debuff currently on the enemy target. This effect can be triggered for a maximum of 5 time(s) during each use of her Ultimate.","Brute Force Attack: Ultimate Lv. +2, up to a maximum of Lv. 15. Basic ATK Lv. +1, up to a maximum of Lv. 10.","Overlay Network: For every debuff the target enemy has, the DMG dealt by Silver Wolf increases by 20%, up to a limit of 100%."
50,Sparkle,1397,523,485,101,5,50,28,0,0,0,0,24,10,0,0,0,0,0,0,0,0,"Almanac: When using Basic ATK, additionally regenerates 10 Energy.",Artificial Flower: The CRIT DMG Boost effect provided by the Skill will be extended until the start of the target's next turn.,"Nocturne: Increases all allies' ATK by 15%. When there are 1/2/3 Quantum-Type allies in the team, increases Quantum-Type allies' ATK by 5%/15%/30%.",Suspension of Disbelief: The Cipher effect granted by the Ultimate lasts for 1 extra turn. All allies with Cipher have their ATK increased by 40%. ,Purely Fictitious: Every stack of the Talent's effect allows allies to additionally ignore 8% of the target's DEF when dealing DMG. ,"Pipedream: Skill Lv. +2, up to a maximum of Lv. 15. Basic ATK Lv. +1, up to a maximum of Lv. 10. ",Life Is a Gamble: The Ultimate recovers 1 more Skill Point. The Talent additionally increases the Max Skill Points by 1. ,"Parallax Truth: Ultimate Lv. +2, up to a maximum of Lv. 15. Talent Lv. +2, up to a maximum of Lv. 15. ","Narrative Polysemy: The CRIT DMG Boost effect provided by the Skill additionally increases by an amount equal to 30% of Sparkle's CRIT DMG. When Sparkle uses Skill, her Skill's CRIT DMG Boost effect will apply to all allies with Cipher. When Sparkle uses her Ultimate, any single ally who benefits from her Skill's CRIT DMG Boost will spread that effect to allies with Cipher. "
51,Sunday,1241,640,533,96,5,50,0,0,12.5,0,0,37.3,18,0,0,0,0,0,0,0,0,"Rest Day's Longing: When using Ultimate, if the Energy regenerated for the target is less than 40, increases the regenerated Energy to 40.","Exalted Sweep: When battle starts, Sunday regenerates 25 Energy.","Haven in Palm: When using Skill, dispels 1 debuff from the target.","Millennium's Quietus: When Sunday uses Skill, the target character can ignore 16% of enemy target's DEF to deal DMG and their summon can ignore 40% of enemy target's DEF to deal DMG, lasting for 2 turn(s). ","Faith Outstrips Frailty: After the first use of Ultimate, recovers 2 Skill Point(s). The DMG dealt by ""The Beatified"" increases by 30%. ","Hermitage of Thorns: Ultimate Lv. +2, up to a maximum of Lv. 15. Basic ATK Lv. +1, up to a maximum of Lv. 10. ","Sculpture's Preamble: When the turn starts, regenerates 8 Energy. ","Paper Raft in Silver Bay: Skill Lv. +2, up to a maximum of Lv. 15. Talent Lv. +2, up to a maximum of Lv. 15. ","Dawn of Sidereal Cacophony: The Talent's CRIT Rate boost effect becomes stackable up to 3 time(s), and the Talent's duration increases by 1 turn(s). When Sunday uses Ultimate, can also apply the Talent's CRIT Rate boost effect to the target. When the Talent's CRIT Rate boost takes effect and the target's CRIT Rate exceeds 100%, every 1% of excess CRIT Rate increases CRIT DMG by 2%. "
52,Sushang,917,564,418,107,5,50,18,28,12.5,0,0,0,0,0,0,0,0,0,0,0,0,"Guileless: When current HP percentage is 50% or lower, reduces the chance of being attacked by enemies.","Riposte: For every Sword Stance triggered, the DMG dealt by Sword Stance increases by 2.5%. Stacks up to 10 time(s).","Vanquisher: After using Basic ATK or Skill, if there are enemies on the field with Weakness Break, Sushang's action is Advanced Forward by 15%.","Cut With Ease: After using Skill against a Weakness Broken enemy, regenerates 1 Skill Point.","Refine in Toil: After triggering Sword Stance, the DMG taken by Sushang is reduced by 20% for 1 turn.","Rise From Fame: Ultimate Lv. +2, up to a maximum of Lv. 15. Talent Lv. +2, up to a maximum of Lv. 15.",Cleave With Heart: Sushang's Break Effect increases by 40%.,"Prevail via Taixu: Skill Lv. +2, up to a maximum of Lv. 15. Basic ATK Lv. +1, up to a maximum of Lv. 10.","Dwell Like Water: Talent's SPD Boost is stackable and can stack up to 2 times. Additionally, after entering battle, Sushang immediately gains 1 stack of her Talent's SPD Boost."
53,The Herta,0,0,0,0,5,50,0,0,0,0,0,0,0,0,0,0,0,0,0,0,0,,,,,,,,,
54,Tingyun,846,529,396,112,5,50,0,28,22.5,0,0,0,0,0,0,0,0,8,0,0,0,Nourished Joviality: Tingyun's SPD increases by 20% for 1 turn after using Skill.,Knell Subdual: Basic ATK DMG increases by 40%.,Jubilant Passage: Tingyun immediately regenerates 5 Energy at the start of her turn.,"Windfall of Lucky Springs: After using their Ultimate, the ally with Benediction gains a 20% increase in SPD for 1 turn.","Gainfully Gives, Givingly Gains: The ally with Benediction regenerates 5 Energy after defeating an enemy. This effect can only be triggered once per turn.","Halcyon Bequest: Ultimate Lv. +2, up to a maximum of Lv. 15. Basic ATK Lv. +1, up to a maximum of Lv. 10.",Jovial Versatility: The DMG multiplier provided by Benediction increases by 20%.,"Sauntering Coquette: Skill Lv. +2, up to a maximum of Lv. 15. Talent Lv. +2, up to a maximum of Lv. 15.",Peace Brings Wealth to All: Ultimate regenerates 10 more Energy for the target ally.
55,Tingyun Fugue,1125,582,557,102,5,50,10,0,0,14,0,0,0,0,0,0,0,0,0,0,0,"Verdantia Renaissance: After ally targets break weakness, additionally delays the action of the enemy target by 15%.","Sylvan Enigma: Increases this unit's Break Effect by 30%. After using Skill for the first time, immediately recovers 1 Skill Point(s).","Phecda Primordia: When an enemy target's Weakness gets broken, increases teammates' (i.e., excluding this unit) Break Effect by 6%. If Fugue's Break Effect is 220% or higher, the Break Effect increase is boosted by an additional 12%, lasting for 2 turn(s). This effect can stack up to 2 time(s).","Earthbound I Was, Cloudward I Be: Ally target with ""Foxian Prayer"" increases their Weakness Break Efficiency by 50%. ","Beatitude Dawns for the Worthy: When an enemy target's Weakness gets broken, Fugue regenerates 3 Energy. After using Ultimate, advances the action of all allies by 24%. ","Verity Weaves Thoughts to Blade: Skill Lv. +2, up to a maximum of Lv. 15. Basic ATK Lv. +1, up to a maximum of Lv. 10. ","Bereft of Form, Which Name to Bear: Ally target with ""Foxian Prayer"" increases their Break DMG dealt by 20%. ","Colored Cloud Rains Fortune: Ultimate Lv. +2, up to a maximum of Lv. 15. Talent Lv. +2, up to a maximum of Lv. 15.","Clairvoyance of Boom and Doom: Increases Fugue's Weakness Break Efficiency by 50%. While Fugue is in the ""Torrid Scorch"" state, ""Foxian Prayer"" takes effect on all allies. "
56,Topaz,931,620,412,110,5,50,10,0,0,0,12,0,0,0,0,22.4,0,0,0,0,0,"Overdraft: When Topaz uses Basic ATK to deal DMG, it will be considered as a follow-up attack.",Financial Turmoil: Increases Topaz and Numby's DMG dealt to enemy targets with Fire Weakness by 15%.,"Stonks Market: After Numby uses an attack while in the Windfall Bonanza! state, Topaz additionally regenerates 10 Energy.","Future Market: When enemies afflicted with Proof of Debt receive follow-up attacks, they will enter the Debtor state. This can take effect only once within a single action. The Debtor state increases the CRIT DMG of follow-up attacks inflicted on the target enemies by 25%, stacking up to 2 time(s). When Proof of Debt is removed, the Debtor state is also removed."," Bona Fide Acquisition: After Numby takes action and launches an attack, Topaz regenerates 5 Energy.","Seize the Big and Free the Small: Skill Lv. +2, up to a maximum of Lv. 15. Basic ATK Lv. +1, up to a maximum of Lv. 10.","Agile Operation: After Numby's turn begins, Topaz's action is Advanced Forward by 20%."," Inflationary Demand: Ultimate Lv. +2, up to a maximum of Lv. 15. Talent Lv. +2, up to a maximum of Lv. 15.","Incentive Mechanism: Numby's attack count during the Windfall Bonanza! state increases by 1, and its Fire RES PEN increases by 10% when it attacks."
57,Trailblazer Destruction,1203,620,460,100,5,50,18,28,12.5,0,0,0,0,0,0,0,0,0,0,0,0,"Ready for Battle: At the start of the battle, immediately regenerates 15 Energy.",Perseverance: Each stack of Talent increases the Trailblazer's DEF by 10%.,"Fighting Will: When using Skill or Ultimate Blowout: RIP Home Run, DMG dealt to the target enemy is increased by 25%.","A Falling Star: When enemies are defeated due to the Trailblazer's Ultimate, the Trailblazer regenerates 10 extra Energy. This effect can only be triggered once per attack.",An Unwilling Host: Attacking enemies with Physical Weakness restores the Trailblazer's HP equal to 5% of the Trailblazer's ATK.,"A Leading Whisper: Skill Lv. +2, up to a maximum of Lv. 15. Talent Lv. +2, up to a maximum of Lv. 15.","A Destructing Glance: When attacking an enemy with Weakness Break, CRIT Rate is increased by 25%.","A Surviving Hope: Ultimate Lv. +2, up to a maximum of Lv. 15. Basic ATK Lv. +1, up to a maximum of Lv. 10.",A Trailblazing Will: The Trailblazer's Talent is also triggered when they defeat an enemy.
58,Trailblazer Harmony,1086,446,679,105,5,50,0,0,0,0,0,0,10,0,0,0,0,0,0,0,14.4,"Dance With the One: When the number of enemy targets on the field is 5 or more/4/3/2/1, the Super Break DMG triggered by the Backup Dancer effect increases by 20%/30%/40%/50%/60%.","Shuffle Along: When using Skill, additionally increases the Toughness Reduction of the first instance of DMG by 100%.",Hat of the Theater: Additionally delays the enemy target's action by 30% when allies Break enemy Weaknesses.,"Best Seat in the House: After using Skill for the first time, immediately recovers 1 Skill Point(s). ","Jailbreaking Rainbowwalk: When the battle starts, the Trailblazer's Energy Regeneration Rate increases by 25%, lasting for 3 turn(s). ","Sanatorium for Rest Notes: Skill Lv. +2, up to a maximum of Lv. 15. Talent Lv. +2, up to a maximum of Lv. 15. ","Dove in Tophat: While the Trailblazer is on the field, increases the Break Effect of all teammates (excluding the Trailblazer), by an amount equal to 15% of the Trailblazer's Break Effect. ","Poem Favors Rhythms of Old: Ultimate Lv. +2, up to a maximum of Lv. 15. Basic ATK Lv. +1, up to a maximum of Lv. 10. ","Tomorrow, Rest in Spotlight: The number of additional DMG applications by the Skill increases by 2."
59,Trailblazer Preservation,1241,601,606,95,5,50,10,18,35,0,0,0,0,0,0,0,0,0,0,0,0,"The Strong Defend the Weak: After using the Skill, the DMG taken by all allies reduces by 15% for 1 turn(s).",Unwavering Gallantry: Using Enhanced Basic ATK restores the Trailblazer's HP by 5% of their Max HP.,"Action Beats Overthinking: When the Trailblazer is protected by a Shield at the beginning of the turn, increases ATK by 15% and regenerates 5 Energy until the action is over.","Earth-Shaking Resonance: When the Trailblazer uses their Basic ATK, additionally deals Fire DMG equal to 25% of the Trailblazer's DEF. When the Trailblazer uses their enhanced Basic ATK, deal Additional Fire DMG equal to 50% of the Trailblazer's DEF.",Time-Defying Tenacity: The Shield applied to all allies from the Trailblazer's Talent will block extra DMG equal to 2% of the Trailblazer's DEF plus 27.,"Trail-Blazing Blueprint: Skill Lv. +2, up to a maximum of Lv. 15. Talent Lv. +2, up to a maximum of Lv. 15.","Nation-Building Oath: At the start of the battle, immediately gains 4 stack(s) of Magma Will.","Spirit-Warming Flame: Ultimate Lv. +2, up to a maximum of Lv. 15. Basic ATK Lv. +1, up to a maximum of Lv. 10.","City-Forging Bulwarks: After the Trailblazer use enhanced Basic ATK or Ultimate, their DEF increases by 10%. Stacks up to 3 time(s)."
60,Trailblazer Remembrance,0,0,0,0,5,50,0,0,0,0,0,0,0,0,0,0,0,0,0,0,0,,,,,,,,,
61,Welt,1125,620,509,102,5,50,0,28,0,0,0,0,10,0,0,0,0,0,0,0,14.4,"Retribution: When using Ultimate, there is a 100% base chance to increase the DMG received by the targets by 12% for 2 turn(s).",Judgment: Using Welt's Ultimate additionally regenerates 10 Energy.,Punishment: Deals 20% more DMG to enemies inflicted with Weakness Break.,"Legacy of Honor : After Welt uses his Ultimate, his abilities are enhanced. The next 2 time(s) he uses his Basic ATK or Skill, deals Additional DMG to the target equal to 50% of his Basic ATK's DMG multiplier or 80% of his Skill's DMG multiplier respectively.","Conflux of Stars: When his Talent is triggered, Welt regenerates 3 Energy.","Prayer of Peace: Skill Lv. +2, up to a maximum of Lv. 15. Basic ATK Lv. +1. up to a maximum of Lv. 10.",Appellation of Justice : Base chance for Skill to inflict SPD Reduction increases by 35%.,"Power of Kindness: Ultimate Lv. +2, up to a maximum of Lv. 15. Talent Lv. +2, up to a maximum of Lv. 15.","Prospect of Glory: When using Skill, deals DMG for 1 extra time to a random enemy."
62,Xueyi,1058,599,396,103,5,50,18,0,0,0,0,0,0,0,0,0,0,0,0,8,0,"Clairvoyant Loom: Increases DMG dealt by this unit by an amount equal to 100% of Break Effect, up to a maximum DMG increase of 240%.","Intrepid Rollerbearings: If the enemy target's Toughness is equal to or higher than 50% of their Max Toughness, deals 10% more DMG when using Ultimate","Perspicacious Mainframe: Xueyi will keep a tally of the number of Karma stacks that exceed the max stack limit, up to 6 stacks in the tally. After Xueyi's Talent is triggered, she will gain a corresponding number of tallied Karma stacks.","Dvesha, Inhibited: Increases the DMG dealt by the Talent's follow-up attack by 40%.","Klesha, Breached: Talent's follow-up attack reduces enemy Toughness regardless of Weakness types. At the same time, restores Xueyi's HP by an amount equal to 5% of her Max HP. When breaking Weakness, triggers the Quantum Break Effect.","Duxe1xb8xa5kha, Ceased: Skill Lv. +2, up to a maximum of Lv. 15. Basic ATK Lv. +1, up to a maximum of Lv. 10.","Karma, Severed: When using Ultimate, increases Break Effect by 40% for 2 turn(s).","Deva, Enthralled: Ultimate Lv. +2, up to a maximum of Lv. 15. Talent Lv. +2, up to a maximum of Lv. 15.","Saxe1xb9x83sxc4x81ra, Mastered: The max stack limit for Karma decreases to 6."
63,Yanqing,892,679,412,109,5,50,10,28,0,0,0,0,0,0,0,0,14.4,0,0,0,0,"Icing on the Kick: When Yanqing attacks, deals additional Ice DMG equal to 30% of Yanqing's ATK to targets with Ice Weakness.","Frost Favors the Brave: When Soulsteel Sync is active, Effect RES increases by 20%.","Gentle Blade: When a CRIT Hit is triggered, increases SPD by 10% for 2 turn(s).","Svelte Saber: When Yanqing attacks a Frozen enemy, he deals Additional Ice DMG equal to 60% of his ATK.","Supine Serenade: When Soulsteel Sync is active, Energy Regeneration Rate increases by an extra 10%.","Sword Savant: Skill Lv. +2, up to a maximum of Lv. 15. Basic ATK Lv. +1, up to a maximum of Lv. 10.","Searing Sting: When the current HP percentage is 80% or higher, Ice RES PEN increases by 12%.","Surging Strife: Ultimate Lv. +2, up to a maximum of Lv. 15. Talent Lv. +2, up to a maximum of Lv. 15.","Swift Swoop: If the Ultimate's buffs are still in effect when an enemy is defeated, their duration is extended by 1 turn."
64,Yukong,917,599,374,107,5,50,18,10,0,0,0,0,0,0,0,0,0,0,0,0,22.4,Archerion: Yukong can resist 1 debuff application for 1 time. This effect can be triggered again in 2 turn(s).,"Bowmaster: When Yukong is on the field, Imaginary DMG dealt by all allies increases by 12%.","Majestas: When Roaring Bowstrings is active, Yukong regenerates 2 additional Energy every time an ally takes action.","Aerial Marshal: At the start of battle, increases the SPD of all allies by 10% for 2 turn(s).","Skyward Command: When any ally's current energy is equal to its energy limit, Yukong regenerates an additional 5 energy. This effect can only be triggered once for each ally. The trigger count is reset after Yukong casts her Ultimate.","Torrential Fusillade: Skill Lv. +2, up to a maximum of Lv. 15. Basic ATK Lv. +1, up to a maximum of Lv. 10.","Zephyrean Echoes: When ""Roaring Bowstrings"" is active, Yukong deals 30% more DMG to enemies.","August Deadshot: Ultimate Lv. +2, up to a maximum of Lv. 15. Talent Lv. +2, up to a maximum of Lv. 15.","Bowstring Thunderclap: When Yukong uses her Ultimate, she immediately gains 1 stack(s) of ""Roaring Bowstrings."""
65,Yunli,1359,679,460,94,5,50,18,28,0,0,6.7,0,0,0,0,0,0,0,0,0,0,"Fiery Wheel: After each use of Intuit: Slash, the next Intuit: Slash will be replaced by Intuit: Cull.","Demon Quell: While in the Parry state, resists Crowd Control debuffs received and reduces DMG received by 20%.","True Sunder: When using a Counter, increases Yunli's ATK by 30%, lasting for 1 turn.",Weathered Blade Does Not Sully: Increases DMG dealt by ""Intuit: Slash"" and ""Intuit: Cull"" by 20%. Increases the number of additional DMG instances for ""Intuit: Cull"" by 3. ,"First Luster Breaks Dawn: When dealing DMG via Counter, ignores 20% of the target's DEF. ","Mastlength Twirls Mountweight: Ultimate Lv. +2, up to a maximum of Lv. 15. Basic ATK Lv. +1, up to a maximum of Lv. 10. ","Artisan's Ironsong: After launching ""Intuit: Slash"" or ""Intuit: Cull"", increases this unit's Effect RES by 50%, lasting for 1 turn(s). ","Blade of Old Outlasts All: Skill Lv. +2, up to a maximum of Lv. 15. Talent Lv. +2, up to a maximum of Lv. 15. ","Walk in Blade, Talk in Zither: While Parry is active, if an enemy actively uses their abilities, regardless of whether it attacks Yunli or not, it will trigger ""Intuit: Cull"" and remove the ""Parry"" effect. When dealing DMG via ""Intuit: Slash"" or ""Intuit: Cull"", increases CRIT Rate by 15% and Physical RES PEN by 20%. "
